-- phpMyAdmin SQL Dump
-- version 5.2.1
-- https://www.phpmyadmin.net/
--
-- Host: 127.0.0.1
-- Generation Time: Feb 22, 2026 at 04:52 AM
-- Server version: 10.4.32-MariaDB
-- PHP Version: 8.2.12

SET SQL_MODE = "NO_AUTO_VALUE_ON_ZERO";
START TRANSACTION;
SET time_zone = "+00:00";


/*!40101 SET @OLD_CHARACTER_SET_CLIENT=@@CHARACTER_SET_CLIENT */;
/*!40101 SET @OLD_CHARACTER_SET_RESULTS=@@CHARACTER_SET_RESULTS */;
/*!40101 SET @OLD_COLLATION_CONNECTION=@@COLLATION_CONNECTION */;
/*!40101 SET NAMES utf8mb4 */;

--
-- Database: `ramadan_planner`
--

-- --------------------------------------------------------

--
-- Table structure for table `daily_duas`
--

CREATE TABLE `daily_duas` (
  `id` int(11) NOT NULL,
  `dua_text` text NOT NULL,
  `day` int(11) NOT NULL,
  `created_at` timestamp NOT NULL DEFAULT current_timestamp()
) ENGINE=InnoDB DEFAULT CHARSET=utf8mb4 COLLATE=utf8mb4_general_ci;

--
-- Dumping data for table `daily_duas`
--

INSERT INTO `daily_duas` (`id`, `dua_text`, `day`, `created_at`) VALUES
(4, 'اللَّهُمَّ اجعل صيامي فيه صيام الصائمين', 1, '2026-02-20 08:53:21'),
(5, 'اللَّهُمَّ تقبَّل مني صيامي وقياملي', 1, '2026-02-20 08:53:21'),
(6, 'اللَّهُمَّ اجعلني فيه من المقبولين', 1, '2026-02-20 08:53:21'),
(7, 'اللَّهُمَّ اجعلني فيه من عبادك الصالحين', 1, '2026-02-20 08:53:21'),
(8, 'اللَّهُمَّ اجعلني فيه من عتقائك من النار', 1, '2026-02-20 08:53:21'),
(9, 'اللَّهُمَّ اجعل هذا الشهر شهر خير وبركة', 2, '2026-02-20 08:53:21'),
(10, 'اللَّهُمَّ اجعلني فيه من الذين يستمعون القول فيتبعون أحسنه', 2, '2026-02-20 08:53:21'),
(11, 'اللَّهُمَّ اجعلني فيه من الذين يغفر لهم ذنوبهم', 2, '2026-02-20 08:53:21'),
(12, 'اللَّهُمَّ اجعلني فيه من عبادك المخلصين', 2, '2026-02-20 08:53:21'),
(13, 'اللَّهُمَّ اجعلني فيه من الذين يكثرون من ذكر الله وقراءة القرآن', 2, '2026-02-20 08:53:21'),
(14, 'اللَّهُمَّ اجعلني فيه من الذين تصرف عنهم النار', 3, '2026-02-20 08:53:21'),
(15, 'اللَّهُمَّ اجعلني فيه من الذين يرضونك في القول والعمل', 3, '2026-02-20 08:53:21'),
(16, 'اللَّهُمَّ اجعلني فيه من الذين يكثرون الصدقة والإحسان للناس', 3, '2026-02-20 08:53:21'),
(17, 'اللَّهُمَّ اجعلني فيه من الذين يغتنمون أوقاته في الطاعات', 3, '2026-02-20 08:53:21'),
(18, 'اللَّهُمَّ اجعلني فيه من الذين يستغفرونك من كل الذنوب', 3, '2026-02-20 08:53:21'),
(19, 'اللَّهُمَّ اجعلني فيه من الذين يحبونك ويحبهم عبادك الصالحون', 4, '2026-02-20 08:53:21'),
(20, 'اللَّهُمَّ اجعلني فيه من الذين يثبتون على طاعتك في السر والعلن', 4, '2026-02-20 08:53:21'),
(21, 'اللَّهُمَّ اجعلني فيه من الذين يعينون المساكين والفقراء', 4, '2026-02-20 08:53:21'),
(22, 'اللَّهُمَّ اجعلني فيه من الذين يبتعدون عن المعاصي والفواحش', 4, '2026-02-20 08:53:21'),
(23, 'اللَّهُمَّ اجعلني فيه من الذين يحبون القرآن ويعملون به', 4, '2026-02-20 08:53:21'),
(24, 'اللَّهُمَّ اجعلني فيه من الذين يسارعون في الخيرات ويغتنمون الأوقات', 5, '2026-02-20 08:53:21'),
(25, 'اللَّهُمَّ اجعلني فيه من الذين يستحضرون قلبهم عند الدعاء والعبادة', 5, '2026-02-20 08:53:21'),
(26, 'اللَّهُمَّ اجعلني فيه من الذين يكثرون من التسبيح والتهليل والتحميد', 5, '2026-02-20 08:53:21'),
(27, 'اللَّهُمَّ اجعلني فيه من الذين يحبون المساكين ويعينونهم', 5, '2026-02-20 08:53:21'),
(28, 'اللَّهُمَّ اجعلني فيه من الذين تتقبل أعمالهم وتغفر ذنوبهم', 5, '2026-02-20 08:53:21'),
(29, 'اللَّهُمَّ اجعلني فيه من الذين يكثرون من الصلاة على النبي ﷺ', 6, '2026-02-20 08:53:21'),
(30, 'اللَّهُمَّ اجعلني فيه من الذين يبتعدون عن الغيبة والنميمة', 6, '2026-02-20 08:53:21'),
(31, 'اللَّهُمَّ اجعلني فيه من الذين يحسنون إلى الوالدين والناس جميعاً', 6, '2026-02-20 08:53:21'),
(32, 'اللَّهُمَّ اجعلني فيه من الذين يستعدون لليلة القدر بالعبادة والدعاء', 6, '2026-02-20 08:53:21'),
(33, 'اللَّهُمَّ اجعلني فيه من عتقائك من النار وبلغنا ليلة القدر', 6, '2026-02-20 08:53:21'),
(34, 'اللَّهُمَّ اجعلني فيه من الذاكرين لك كثيراً', 7, '2026-02-20 08:53:21'),
(35, 'اللَّهُمَّ اجعلني فيه من الذين يكثرون من الدعاء عند السجود', 7, '2026-02-20 08:53:21'),
(36, 'اللَّهُمَّ اجعلني فيه من الذين يحافظون على الصلاة في وقتها', 7, '2026-02-20 08:53:21'),
(37, 'اللَّهُمَّ اجعلني فيه من الذين يصلون على النبي ﷺ كثيراً', 7, '2026-02-20 08:53:21'),
(38, 'اللَّهُمَّ اجعلني فيه من الذين يكثرون من الصدقة في رمضان', 7, '2026-02-20 08:53:21'),
(39, 'اللَّهُمَّ اجعلني فيه من الذين يخلصون النية في كل عمل', 8, '2026-02-20 08:53:21'),
(40, 'اللَّهُمَّ اجعلني فيه من الذين يكثرون الاستغفار', 8, '2026-02-20 08:53:21'),
(41, 'اللَّهُمَّ اجعلني فيه من الذين يرضونك في السر والعلن', 8, '2026-02-20 08:53:21'),
(42, 'اللَّهُمَّ اجعلني فيه من الذين يكثرون من القرآن', 8, '2026-02-20 08:53:21'),
(43, 'اللَّهُمَّ اجعلني فيه من الذين يتوبون إليك من كل ذنب', 8, '2026-02-20 08:53:21'),
(44, 'اللَّهُمَّ اجعلني فيه من الذين يسعون لرضاك في السر والعلن', 9, '2026-02-20 08:53:21'),
(45, 'اللَّهُمَّ اجعلني فيه من الذين يذكرونك في كل وقت وحين', 9, '2026-02-20 08:53:21'),
(46, 'اللَّهُمَّ اجعلني فيه من الذين يكثرون من أعمال الخير', 9, '2026-02-20 08:53:21'),
(47, 'اللَّهُمَّ اجعلني فيه من الذين يكثرون من الصلاة والصدقة', 9, '2026-02-20 08:53:21'),
(48, 'اللَّهُمَّ اجعلني فيه من الذين يغتنمون أوقاتهم في الطاعات', 9, '2026-02-20 08:53:21'),
(49, 'اللَّهُمَّ اجعلني فيه من الذين يثابون على كل عبادة', 10, '2026-02-20 08:53:21'),
(50, 'اللَّهُمَّ اجعلني فيه من الذين يصلحون ذات بينهم وبينك', 10, '2026-02-20 08:53:21'),
(51, 'اللَّهُمَّ اجعلني فيه من الذين يعفون عن الناس ويصفحون', 10, '2026-02-20 08:53:21'),
(52, 'اللَّهُمَّ اجعلني فيه من الذين يكثرون من الدعاء بعد الصلاة', 10, '2026-02-20 08:53:21'),
(53, 'اللَّهُمَّ اجعلني فيه من الذين يحبون القرآن ويتدبرون معانيه', 10, '2026-02-20 08:53:21'),
(54, 'اللَّهُمَّ اجعلني فيه من الذين يكثرون من تلاوة القرآن', 11, '2026-02-20 08:53:21'),
(55, 'اللَّهُمَّ اجعلني فيه من الذين يستغفرونك في كل حين', 11, '2026-02-20 08:53:21'),
(56, 'اللَّهُمَّ اجعلني فيه من الذين يذكرونك بخشوع', 11, '2026-02-20 08:53:21'),
(57, 'اللَّهُمَّ اجعلني فيه من الذين يحبون الصدقة ويعينون المساكين', 11, '2026-02-20 08:53:21'),
(58, 'اللَّهُمَّ اجعلني فيه من الذين يسارعون في الخير', 11, '2026-02-20 08:53:21'),
(59, 'اللَّهُمَّ اجعلني فيه من الذين يحسنون إلى والديهم', 12, '2026-02-20 08:53:21'),
(60, 'اللَّهُمَّ اجعلني فيه من الذين يحسنون إلى الناس جميعاً', 12, '2026-02-20 08:53:21'),
(61, 'اللَّهُمَّ اجعلني فيه من الذين يكثرون من ذكر الله في الليل والنهار', 12, '2026-02-20 08:53:21'),
(62, 'اللَّهُمَّ اجعلني فيه من الذين يبتعدون عن الكبائر', 12, '2026-02-20 08:53:21'),
(63, 'اللَّهُمَّ اجعلني فيه من الذين يخلصون النية لله في كل عمل', 12, '2026-02-20 08:53:21'),
(64, 'اللَّهُمَّ اجعلني فيه من الذين يصلون قيام الليل', 13, '2026-02-20 08:53:21'),
(65, 'اللَّهُمَّ اجعلني فيه من الذين يكثرون من الدعاء بعد الصلاة', 13, '2026-02-20 08:53:21'),
(66, 'اللَّهُمَّ اجعلني فيه من الذين يستحضرون قلبهم عند الدعاء', 13, '2026-02-20 08:53:21'),
(67, 'اللَّهُمَّ اجعلني فيه من الذين يغتنمون أوقاتهم في الخير', 13, '2026-02-20 08:53:21'),
(68, 'اللَّهُمَّ اجعلني فيه من الذين يحبونك ويحبهم عبادك الصالحون', 13, '2026-02-20 08:53:21'),
(69, 'اللَّهُمَّ اجعلني فيه من الذين يكثرون من الصلاة على النبي ﷺ', 14, '2026-02-20 08:53:21'),
(70, 'اللَّهُمَّ اجعلني فيه من الذين يكثرون من الاستغفار', 14, '2026-02-20 08:53:21'),
(71, 'اللَّهُمَّ اجعلني فيه من الذين يصلحون ذات بينهم وبينك', 14, '2026-02-20 08:53:21'),
(72, 'اللَّهُمَّ اجعلني فيه من الذين يكثرون من الصدقة', 14, '2026-02-20 08:53:21'),
(73, 'اللَّهُمَّ اجعلني فيه من الذين يتوبون إليك من كل ذنب', 14, '2026-02-20 08:53:21'),
(74, 'اللَّهُمَّ اجعلني فيه من الذين يحبون القرآن ويتدبرون معانيه', 15, '2026-02-20 08:53:21'),
(75, 'اللَّهُمَّ اجعلني فيه من الذين يكثرون من الدعاء في رمضان', 15, '2026-02-20 08:53:21'),
(76, 'اللَّهُمَّ اجعلني فيه من الذين يغتنمون ليلة القدر بالعبادة', 15, '2026-02-20 08:53:21'),
(77, 'اللَّهُمَّ اجعلني فيه من الذين يسارعون في الخيرات', 15, '2026-02-20 08:53:21'),
(78, 'اللَّهُمَّ اجعلني فيه من الذين يحبون الناس ويعفون عنهم', 15, '2026-02-20 08:53:21'),
(79, 'اللَّهُمَّ اجعلني فيه من الذين يكثرون التسبيح والتحميد', 16, '2026-02-20 08:53:21'),
(80, 'اللَّهُمَّ اجعلني فيه من الذين يكثرون الاستغفار', 16, '2026-02-20 08:53:21'),
(81, 'اللَّهُمَّ اجعلني فيه من الذين يصلحون ذات بينهم وبينك', 16, '2026-02-20 08:53:21'),
(82, 'اللَّهُمَّ اجعلني فيه من الذين يحبون العمل الصالح', 16, '2026-02-20 08:53:21'),
(83, 'اللَّهُمَّ اجعلني فيه من الذين يتوبون إليك بصدق', 16, '2026-02-20 08:53:21'),
(84, 'اللَّهُمَّ اجعلني فيه من الذين يكثرون من ذكر الله', 17, '2026-02-20 08:53:21'),
(85, 'اللَّهُمَّ اجعلني فيه من الذين يكثرون من الدعاء في الليل', 17, '2026-02-20 08:53:21'),
(86, 'اللَّهُمَّ اجعلني فيه من الذين يحافظون على الصلاة', 17, '2026-02-20 08:53:21'),
(87, 'اللَّهُمَّ اجعلني فيه من الذين يكثرون الصدقة', 17, '2026-02-20 08:53:21'),
(88, 'اللَّهُمَّ اجعلني فيه من الذين يحبون القرآن ويتدبرونه', 17, '2026-02-20 08:53:21'),
(89, 'اللَّهُمَّ اجعلني فيه من الذين يستعدون لليلة القدر', 18, '2026-02-20 08:53:21'),
(90, 'اللَّهُمَّ اجعلني فيه من الذين يكثرون الاستغفار', 18, '2026-02-20 08:53:21'),
(91, 'اللَّهُمَّ اجعلني فيه من الذين يحبون عبادتك', 18, '2026-02-20 08:53:21'),
(92, 'اللَّهُمَّ اجعلني فيه من الذين يبتعدون عن المعاصي', 18, '2026-02-20 08:53:21'),
(93, 'اللَّهُمَّ اجعلني فيه من الذين يغتنمون أوقاتهم في الخير', 18, '2026-02-20 08:53:21'),
(94, 'اللَّهُمَّ اجعلني فيه من الذين يكثرون من الصلاة', 19, '2026-02-20 08:53:21'),
(95, 'اللَّهُمَّ اجعلني فيه من الذين يكثرون التسبيح', 19, '2026-02-20 08:53:21'),
(96, 'اللَّهُمَّ اجعلني فيه من الذين يكثرون من الدعاء', 19, '2026-02-20 08:53:21'),
(97, 'اللَّهُمَّ اجعلني فيه من الذين يكثرون من الصدقة', 19, '2026-02-20 08:53:21'),
(98, 'اللَّهُمَّ اجعلني فيه من الذين يحبون القرآن ويتدبرونه', 19, '2026-02-20 08:53:21'),
(99, 'اللَّهُمَّ اجعلني فيه من الذين يصلون قيام الليل', 20, '2026-02-20 08:53:21'),
(100, 'اللَّهُمَّ اجعلني فيه من الذين يكثرون الاستغفار', 20, '2026-02-20 08:53:21'),
(101, 'اللَّهُمَّ اجعلني فيه من الذين يسارعون في الخيرات', 20, '2026-02-20 08:53:21'),
(102, 'اللَّهُمَّ اجعلني فيه من الذين يحبون الناس ويعفون عنهم', 20, '2026-02-20 08:53:21'),
(103, 'اللَّهُمَّ اجعلني فيه من الذين يكثرون الدعاء عند السجود', 20, '2026-02-20 08:53:21'),
(104, 'اللَّهُمَّ اجعلني فيه من الذين يحبون القرآن ويعملون به', 21, '2026-02-20 08:53:21'),
(105, 'اللَّهُمَّ اجعلني فيه من الذين يكثرون من الأعمال الصالحة', 21, '2026-02-20 08:53:21'),
(106, 'اللَّهُمَّ اجعلني فيه من الذين يحافظون على الصلاة', 21, '2026-02-20 08:53:21'),
(107, 'اللَّهُمَّ اجعلني فيه من الذين يكثرون من الصدقة', 21, '2026-02-20 08:53:21'),
(108, 'اللَّهُمَّ اجعلني فيه من الذين يحبون عبادتك', 21, '2026-02-20 08:53:21'),
(109, 'اللَّهُمَّ اجعلني فيه من الذين يسارعون في الخيرات', 22, '2026-02-20 08:53:21'),
(110, 'اللَّهُمَّ اجعلني فيه من الذين يكثرون الدعاء في الليل', 22, '2026-02-20 08:53:21'),
(111, 'اللَّهُمَّ اجعلني فيه من الذين يحبون الناس ويغفرون لهم', 22, '2026-02-20 08:53:21'),
(112, 'اللَّهُمَّ اجعلني فيه من الذين يكثرون من الاستغفار', 22, '2026-02-20 08:53:21'),
(113, 'اللَّهُمَّ اجعلني فيه من الذين يستغفرونك من كل ذنب', 22, '2026-02-20 08:53:21'),
(114, 'اللَّهُمَّ اجعلني فيه من الذين يكثرون من ذكر الله', 23, '2026-02-20 08:53:21'),
(115, 'اللَّهُمَّ اجعلني فيه من الذين يحافظون على الصلاة', 23, '2026-02-20 08:53:21'),
(116, 'اللَّهُمَّ اجعلني فيه من الذين يحبون العمل الصالح', 23, '2026-02-20 08:53:21'),
(117, 'اللَّهُمَّ اجعلني فيه من الذين يحبون الناس ويعفون عنهم', 23, '2026-02-20 08:53:21'),
(118, 'اللَّهُمَّ اجعلني فيه من الذين يكثرون من الدعاء في رمضان', 23, '2026-02-20 08:53:21'),
(119, 'اللَّهُمَّ اجعلني فيه من الذين يكثرون من الصدقة', 24, '2026-02-20 08:53:21'),
(120, 'اللَّهُمَّ اجعلني فيه من الذين يحبون القرآن ويتدبرونه', 24, '2026-02-20 08:53:21'),
(121, 'اللَّهُمَّ اجعلني فيه من الذين يحبون عبادتك', 24, '2026-02-20 08:53:21'),
(122, 'اللَّهُمَّ اجعلني فيه من الذين يحسنون إلى الناس جميعاً', 24, '2026-02-20 08:53:21'),
(123, 'اللَّهُمَّ اجعلني فيه من الذين يغتنمون ليلة القدر بالعبادة', 24, '2026-02-20 08:53:21'),
(124, 'اللَّهُمَّ اجعلني فيه من الذين يكثرون الاستغفار', 25, '2026-02-20 08:53:21'),
(125, 'اللَّهُمَّ اجعلني فيه من الذين يحبون العمل الصالح', 25, '2026-02-20 08:53:21'),
(126, 'اللَّهُمَّ اجعلني فيه من الذين يصلحون ذات بينهم وبينك', 25, '2026-02-20 08:53:21'),
(127, 'اللَّهُمَّ اجعلني فيه من الذين يكثرون الصلاة والصدقة', 25, '2026-02-20 08:53:21'),
(128, 'اللَّهُمَّ اجعلني فيه من الذين يحبون القرآن ويعملون به', 25, '2026-02-20 08:53:21'),
(129, 'اللَّهُمَّ اجعلني فيه من الذين يسارعون في الخيرات', 26, '2026-02-20 08:53:21'),
(130, 'اللَّهُمَّ اجعلني فيه من الذين يحبون الناس ويغفرون لهم', 26, '2026-02-20 08:53:21'),
(131, 'اللَّهُمَّ اجعلني فيه من الذين يستغفرونك من كل ذنب', 26, '2026-02-20 08:53:21'),
(132, 'اللَّهُمَّ اجعلني فيه من الذين يكثرون من الأعمال الصالحة', 26, '2026-02-20 08:53:21'),
(133, 'اللَّهُمَّ اجعلني فيه من الذين يحافظون على الصلاة', 26, '2026-02-20 08:53:21'),
(134, 'اللَّهُمَّ اجعلني فيه من الذين يحبون القرآن ويتدبرونه', 27, '2026-02-20 08:53:21'),
(135, 'اللَّهُمَّ اجعلني فيه من الذين يحبون عبادتك', 27, '2026-02-20 08:53:21'),
(136, 'اللَّهُمَّ اجعلني فيه من الذين يحسنون إلى الناس جميعاً', 27, '2026-02-20 08:53:21'),
(137, 'اللَّهُمَّ اجعلني فيه من الذين يغتنمون ليلة القدر بالعبادة', 27, '2026-02-20 08:53:21'),
(138, 'اللَّهُمَّ اجعلني فيه من الذين يكثرون الاستغفار', 27, '2026-02-20 08:53:21'),
(139, 'اللَّهُمَّ اجعلني فيه من الذين يحبون العمل الصالح', 28, '2026-02-20 08:53:21'),
(140, 'اللَّهُمَّ اجعلني فيه من الذين يصلحون ذات بينهم وبينك', 28, '2026-02-20 08:53:21'),
(141, 'اللَّهُمَّ اجعلني فيه من الذين يكثرون الصلاة والصدقة', 28, '2026-02-20 08:53:21'),
(142, 'اللَّهُمَّ اجعلني فيه من الذين يحبون القرآن ويعملون به', 28, '2026-02-20 08:53:21'),
(143, 'اللَّهُمَّ اجعلني فيه من الذين يسارعون في الخيرات', 28, '2026-02-20 08:53:21'),
(144, 'اللَّهُمَّ اجعلني فيه من الذين يحبون الناس ويغفرون لهم', 29, '2026-02-20 08:53:21'),
(145, 'اللَّهُمَّ اجعلني فيه من الذين يستغفرونك من كل ذنب', 29, '2026-02-20 08:53:21'),
(146, 'اللَّهُمَّ اجعلني فيه من الذين يكثرون من الأعمال الصالحة', 29, '2026-02-20 08:53:21'),
(147, 'اللَّهُمَّ اجعلني فيه من الذين يحافظون على الصلاة', 29, '2026-02-20 08:53:21'),
(148, 'اللَّهُمَّ اجعلني فيه من الذين يحبون القرآن ويتدبرونه', 29, '2026-02-20 08:53:21'),
(149, 'اللَّهُمَّ اجعلني فيه من الذين يحبون عبادتك', 30, '2026-02-20 08:53:21'),
(150, 'اللَّهُمَّ اجعلني فيه من الذين يحسنون إلى الناس جميعاً', 30, '2026-02-20 08:53:21'),
(151, 'اللَّهُمَّ اجعلني فيه من الذين يغتنمون ليلة القدر بالعبادة', 30, '2026-02-20 08:53:21'),
(152, 'اللَّهُمَّ اجعلني فيه من الذين يكثرون الاستغفار', 30, '2026-02-20 08:53:21'),
(153, 'اللَّهُمَّ اجعلني فيه من عتقائك من النار وبلغنا ليلة القدر وأعنا على الصيام والقيام', 30, '2026-02-20 08:53:21');

-- --------------------------------------------------------

--
-- Table structure for table `dua_progress`
--

CREATE TABLE `dua_progress` (
  `id` int(11) NOT NULL,
  `user_id` int(11) NOT NULL,
  `dua_id` int(11) NOT NULL,
  `day` int(11) NOT NULL,
  `date_read` date NOT NULL
) ENGINE=InnoDB DEFAULT CHARSET=utf8mb4 COLLATE=utf8mb4_general_ci;

--
-- Dumping data for table `dua_progress`
--

INSERT INTO `dua_progress` (`id`, `user_id`, `dua_id`, `day`, `date_read`) VALUES
(1, 1, 1, 0, '2026-02-19'),
(3, 1, 1, 1, '2026-02-20'),
(4, 1, 99, 20, '2026-02-20'),
(5, 1, 100, 20, '2026-02-20'),
(6, 1, 101, 20, '2026-02-20'),
(7, 1, 102, 20, '2026-02-20'),
(8, 1, 103, 20, '2026-02-20'),
(9, 1, 13, 2, '2026-02-20'),
(10, 1, 9, 2, '2026-02-20'),
(11, 1, 10, 2, '2026-02-20'),
(12, 1, 11, 2, '2026-02-20'),
(13, 1, 12, 2, '2026-02-20'),
(14, 1, 18, 3, '2026-02-20'),
(15, 1, 14, 3, '2026-02-20'),
(16, 1, 15, 3, '2026-02-20'),
(17, 1, 16, 3, '2026-02-20'),
(18, 1, 17, 3, '2026-02-20'),
(22, 1, 4, 1, '2026-02-20'),
(23, 1, 5, 1, '2026-02-20'),
(24, 1, 6, 1, '2026-02-20'),
(25, 1, 7, 1, '2026-02-20'),
(26, 1, 8, 1, '2026-02-20'),
(27, 1, 19, 4, '2026-02-20'),
(28, 1, 20, 4, '2026-02-20'),
(29, 1, 52, 10, '2026-02-20'),
(30, 1, 151, 30, '2026-02-20'),
(31, 1, 65, 13, '2026-02-20'),
(32, 1, 39, 8, '2026-02-20'),
(33, 1, 21, 4, '2026-02-20'),
(34, 1, 22, 4, '2026-02-20'),
(35, 1, 23, 4, '2026-02-20'),
(36, 1, 104, 21, '2026-02-21'),
(37, 1, 105, 21, '2026-02-21'),
(38, 1, 106, 21, '2026-02-21'),
(39, 1, 107, 21, '2026-02-21'),
(40, 1, 108, 21, '2026-02-21'),
(41, 7, 104, 21, '2026-02-21'),
(42, 7, 105, 21, '2026-02-21');

-- --------------------------------------------------------

--
-- Table structure for table `quran_progress`
--

CREATE TABLE `quran_progress` (
  `id` int(11) NOT NULL,
  `user_id` int(11) NOT NULL,
  `ayah_range` varchar(50) NOT NULL,
  `date_read` date NOT NULL
) ENGINE=InnoDB DEFAULT CHARSET=utf8mb4 COLLATE=utf8mb4_general_ci;

--
-- Dumping data for table `quran_progress`
--

INSERT INTO `quran_progress` (`id`, `user_id`, `ayah_range`, `date_read`) VALUES
(1, 1, '34-66', '2026-02-19'),
(2, 1, '34-66', '2026-02-19'),
(3, 1, '32-58', '2026-02-19'),
(4, 1, '32-58', '2026-02-19'),
(5, 1, '32-58', '2026-02-19'),
(6, 1, '34-66', '2026-02-19'),
(7, 1, '34-66', '2026-02-19'),
(8, 1, '32-58', '2026-02-19'),
(9, 1, '34-66', '2026-02-19'),
(10, 1, '34-66', '2026-02-19'),
(11, 1, '34-66', '2026-02-19'),
(12, 1, '32-58', '2026-02-19'),
(13, 1, '120-125', '2026-02-19'),
(14, 1, '32-58', '2026-02-20'),
(15, 1, '32-58', '2026-02-21'),
(16, 1, '22-33', '2026-02-21'),
(17, 7, '120-125', '2026-02-21');

-- --------------------------------------------------------

--
-- Table structure for table `tasks`
--

CREATE TABLE `tasks` (
  `id` int(11) NOT NULL,
  `user_id` int(11) NOT NULL,
  `subject` varchar(100) NOT NULL,
  `topic` varchar(500) NOT NULL,
  `due_date` date NOT NULL,
  `status` enum('pending','done') DEFAULT 'pending',
  `created_at` timestamp NOT NULL DEFAULT current_timestamp()
) ENGINE=InnoDB DEFAULT CHARSET=utf8mb4 COLLATE=utf8mb4_general_ci;

--
-- Dumping data for table `tasks`
--

INSERT INTO `tasks` (`id`, `user_id`, `subject`, `topic`, `due_date`, `status`, `created_at`) VALUES
(10, 1, 'advanced java', 'OOP', '2026-02-20', 'pending', '2026-02-20 06:07:36'),
(11, 1, 'advanced java', 'OOP', '2026-02-20', 'pending', '2026-02-20 08:35:53'),
(12, 1, ' java', 'OOP', '2026-02-20', 'pending', '2026-02-20 08:36:27'),
(13, 1, 'C#', 'OOP', '2026-02-20', 'pending', '2026-02-20 18:46:53'),
(14, 1, 'C++', 'library', '2026-02-20', 'pending', '2026-02-21 05:18:10');

-- --------------------------------------------------------

--
-- Table structure for table `users`
--

CREATE TABLE `users` (
  `id` int(11) NOT NULL,
  `username` varchar(50) NOT NULL,
  `password` varchar(255) NOT NULL,
  `created_at` timestamp NOT NULL DEFAULT current_timestamp()
) ENGINE=InnoDB DEFAULT CHARSET=utf8mb4 COLLATE=utf8mb4_general_ci;

--
-- Dumping data for table `users`
--

INSERT INTO `users` (`id`, `username`, `password`, `created_at`) VALUES
(1, 'Isra Ali Khaliif', '$2y$10$EVe8OnHWxyken9/QRX6gIOkAvJxJHvR6AH3gO.wEDP4A2HWZhBqTy', '2026-02-19 10:10:06'),
(2, 'Isra Ali ', '$2y$10$LiPPu/SsR9i.9IMZ5e0Iz.Qs6CIXGhly6I.LZOry.ts9CbQBp2kGu', '2026-02-20 06:48:20'),
(3, 'Isra', '$2y$10$fvAVqwsGn.s1Com2xQdVMOTi/WnlhJWccReasGRx/an7VU1Ztihz.', '2026-02-20 06:53:11'),
(4, 'abdalla', '$2y$10$75FBA68DN1FtPK8gU5FXwOxH.QAyjAve74qvwdsUdpDKYJTGHgU4O', '2026-02-20 07:27:58'),
(5, 'samiya', '$2y$10$61hby8pKgo3x4hryRYZKsevs/h7NyAX9VPDgUdxcRmsoS9TxZy10y', '2026-02-21 06:53:23'),
(6, 'sundus', '$2y$10$jt2ARNMySmMk25wePg7Po./il//dUkA0uGUDDoXaN3v4XeYktP6k.', '2026-02-21 06:57:23'),
(7, 'sumaya', '$2y$10$e7n9L7zyLFQp2Ho78RvXLu3tHYVY2JL0lsGjrUcUiveCYJCTCnTci', '2026-02-21 10:20:20'),
(8, 'isra_mattan', '$2y$10$Xx6mioQUSoghoCXgj7d.xe8DNs9pkF.zXBur/KeQhe9PDtXVIHDxG', '2026-02-21 18:54:42');

--
-- Indexes for dumped tables
--

--
-- Indexes for table `daily_duas`
--
ALTER TABLE `daily_duas`
  ADD PRIMARY KEY (`id`);

--
-- Indexes for table `dua_progress`
--
ALTER TABLE `dua_progress`
  ADD PRIMARY KEY (`id`),
  ADD UNIQUE KEY `unique_dua` (`user_id`,`dua_id`,`date_read`);

--
-- Indexes for table `quran_progress`
--
ALTER TABLE `quran_progress`
  ADD PRIMARY KEY (`id`),
  ADD KEY `user_id` (`user_id`);

--
-- Indexes for table `tasks`
--
ALTER TABLE `tasks`
  ADD PRIMARY KEY (`id`),
  ADD KEY `user_id` (`user_id`);

--
-- Indexes for table `users`
--
ALTER TABLE `users`
  ADD PRIMARY KEY (`id`),
  ADD UNIQUE KEY `username` (`username`);

--
-- AUTO_INCREMENT for dumped tables
--

--
-- AUTO_INCREMENT for table `daily_duas`
--
ALTER TABLE `daily_duas`
  MODIFY `id` int(11) NOT NULL AUTO_INCREMENT, AUTO_INCREMENT=154;

--
-- AUTO_INCREMENT for table `dua_progress`
--
ALTER TABLE `dua_progress`
  MODIFY `id` int(11) NOT NULL AUTO_INCREMENT, AUTO_INCREMENT=43;

--
-- AUTO_INCREMENT for table `quran_progress`
--
ALTER TABLE `quran_progress`
  MODIFY `id` int(11) NOT NULL AUTO_INCREMENT, AUTO_INCREMENT=19;

--
-- AUTO_INCREMENT for table `tasks`
--
ALTER TABLE `tasks`
  MODIFY `id` int(11) NOT NULL AUTO_INCREMENT, AUTO_INCREMENT=15;

--
-- AUTO_INCREMENT for table `users`
--
ALTER TABLE `users`
  MODIFY `id` int(11) NOT NULL AUTO_INCREMENT, AUTO_INCREMENT=9;

--
-- Constraints for dumped tables
--

--
-- Constraints for table `quran_progress`
--
ALTER TABLE `quran_progress`
  ADD CONSTRAINT `quran_progress_ibfk_1` FOREIGN KEY (`user_id`) REFERENCES `users` (`id`) ON DELETE CASCADE;

--
-- Constraints for table `tasks`
--
ALTER TABLE `tasks`
  ADD CONSTRAINT `tasks_ibfk_1` FOREIGN KEY (`user_id`) REFERENCES `users` (`id`) ON DELETE CASCADE;
COMMIT;

/*!40101 SET CHARACTER_SET_CLIENT=@OLD_CHARACTER_SET_CLIENT */;
/*!40101 SET CHARACTER_SET_RESULTS=@OLD_CHARACTER_SET_RESULTS */;
/*!40101 SET COLLATION_CONNECTION=@OLD_COLLATION_CONNECTION */;
